Name,Age,Gender,Emotion,Timestamp
Detected Person,33,"{'Woman': np.float32(0.0022464022), 'Man': np.float32(99.99776)}",sad,2025-03-16 21:55:56
Detected Person,32,"{'Woman': np.float32(0.3209084), 'Man': np.float32(99.67909)}",fear,2025-03-16 21:56:00
Detected Person,33,"{'Woman': np.float32(0.10786518), 'Man': np.float32(99.892136)}",sad,2025-03-16 21:56:03
Detected Person,34,"{'Woman': np.float32(0.16191347), 'Man': np.float32(99.83809)}",fear,2025-03-16 21:56:06
Detected Person,34,"{'Woman': np.float32(0.4715244), 'Man': np.float32(99.52847)}",neutral,2025-03-16 21:56:09
Detected Person,31,"{'Woman': np.float32(0.9896171), 'Man': np.float32(99.010376)}",neutral,2025-03-16 21:56:12
Detected Person,30,"{'Woman': np.float32(0.8400564), 'Man': np.float32(99.15994)}",sad,2025-03-16 21:56:15
Detected Person,30,"{'Woman': np.float32(1.1920048), 'Man': np.float32(98.808)}",sad,2025-03-16 21:56:18
Detected Person,33,"{'Woman': np.float32(0.2462671), 'Man': np.float32(99.75374)}",sad,2025-03-16 21:56:26
Detected Person,28,"{'Woman': np.float32(0.070286475), 'Man': np.float32(99.92972)}",fear,2025-03-16 21:56:29
Detected Person,30,"{'Woman': np.float32(0.055379268), 'Man': np.float32(99.94462)}",neutral,2025-03-16 21:56:32
Detected Person,30,"{'Woman': np.float32(0.048743784), 'Man': np.float32(99.951256)}",neutral,2025-03-16 21:56:35
Detected Person,31,"{'Woman': np.float32(0.0622186), 'Man': np.float32(99.937775)}",neutral,2025-03-16 21:56:38
Detected Person,30,"{'Woman': np.float32(0.053445693), 'Man': np.float32(99.946556)}",neutral,2025-03-16 21:56:41
Shivani,37,"{'Woman': np.float32(6.7983127), 'Man': np.float32(93.201675)}",sad,2025-03-16 22:32:23
Shivani,30,"{'Woman': np.float32(1.659949), 'Man': np.float32(98.34005)}",sad,2025-03-16 22:32:27
Shivani,37,"{'Woman': np.float32(1.0980519), 'Man': np.float32(98.90195)}",fear,2025-03-16 22:32:30
Shivani,37,"{'Woman': np.float32(6.990989), 'Man': np.float32(93.00901)}",sad,2025-03-16 22:32:34
Shivani,37,"{'Woman': np.float32(2.917389), 'Man': np.float32(97.08261)}",sad,2025-03-16 22:32:38
Shivani,38,"{'Woman': np.float32(6.595655), 'Man': np.float32(93.40435)}",fear,2025-03-16 22:32:41
Shivani,37,"{'Woman': np.float32(5.3723354), 'Man': np.float32(94.62767)}",fear,2025-03-16 22:32:45
Shivani,37,"{'Woman': np.float32(6.039179), 'Man': np.float32(93.96082)}",sad,2025-03-16 22:32:48
Shivani,34,"{'Woman': np.float32(6.113834), 'Man': np.float32(93.88617)}",sad,2025-03-16 22:32:51
Shivani,31,"{'Woman': np.float32(3.929566), 'Man': np.float32(96.070435)}",sad,2025-03-16 22:32:55
Shivani,32,"{'Woman': np.float32(1.2201763), 'Man': np.float32(98.77983)}",neutral,2025-03-18 22:35:58
Shivani,28,"{'Woman': np.float32(0.1776986), 'Man': np.float32(99.8223)}",sad,2025-03-18 22:36:07
Shivani,45,"{'Woman': np.float32(0.2409449), 'Man': np.float32(99.759056)}",neutral,2025-03-18 22:36:10
Shivani,39,"{'Woman': np.float32(0.6022352), 'Man': np.float32(99.397766)}",neutral,2025-03-18 22:36:13
Shivani,43,"{'Woman': np.float32(0.240467), 'Man': np.float32(99.75954)}",neutral,2025-03-18 22:36:16
Shivani,43,"{'Woman': np.float32(0.0980471), 'Man': np.float32(99.90195)}",neutral,2025-03-18 22:36:19
Shivani,42,"{'Woman': np.float32(0.09857152), 'Man': np.float32(99.90143)}",neutral,2025-03-18 22:36:22
Shivani,39,"{'Woman': np.float32(0.3464459), 'Man': np.float32(99.65356)}",neutral,2025-03-18 22:36:25
Shivani,41,"{'Woman': np.float32(0.13726804), 'Man': np.float32(99.86273)}",neutral,2025-03-18 22:36:28
Shivani,42,"{'Woman': np.float32(0.6237527), 'Man': np.float32(99.37624)}",neutral,2025-03-18 22:36:30
Shivani,39,"{'Woman': np.float32(0.16700608), 'Man': np.float32(99.83299)}",neutral,2025-03-18 22:36:33
Shivani,41,"{'Woman': np.float32(0.13712464), 'Man': np.float32(99.86288)}",neutral,2025-03-18 22:36:36
Shivani,41,"{'Woman': np.float32(0.16633461), 'Man': np.float32(99.833664)}",neutral,2025-03-18 22:36:40
Shivani,42,"{'Woman': np.float32(0.11757105), 'Man': np.float32(99.88243)}",neutral,2025-03-18 22:36:43
Shivani,43,"{'Woman': np.float32(0.19842584), 'Man': np.float32(99.801575)}",neutral,2025-03-18 22:36:47
Shivani,31,"{'Woman': np.float32(6.591389), 'Man': np.float32(93.408615)}",neutral,2025-03-18 22:36:50
Shivani,37,"{'Woman': np.float32(0.056767236), 'Man': np.float32(99.94323)}",neutral,2025-03-18 22:36:53
Shivani,38,"{'Woman': np.float32(0.101164155), 'Man': np.float32(99.898834)}",neutral,2025-03-18 22:36:56
Shivani,40,"{'Woman': np.float32(0.09448239), 'Man': np.float32(99.90552)}",neutral,2025-03-18 22:36:59
Shivani,37,"{'Woman': np.float32(0.20648207), 'Man': np.float32(99.79352)}",neutral,2025-03-18 22:37:02
Shivani,39,"{'Woman': np.float32(0.08824663), 'Man': np.float32(99.91176)}",neutral,2025-03-18 22:37:05
Shivani,35,"{'Woman': np.float32(0.120215796), 'Man': np.float32(99.879776)}",neutral,2025-03-18 22:37:08
Shivani,37,"{'Woman': np.float32(0.085170746), 'Man': np.float32(99.914825)}",neutral,2025-03-18 22:37:10
Shivani,39,"{'Woman': np.float32(0.124205954), 'Man': np.float32(99.87579)}",happy,2025-03-18 22:37:13
Shivani,39,"{'Woman': np.float32(0.13501407), 'Man': np.float32(99.86499)}",happy,2025-03-18 22:37:16
Shivani,38,"{'Woman': np.float32(0.08283096), 'Man': np.float32(99.917175)}",happy,2025-03-18 22:37:19
Shivani,39,"{'Woman': np.float32(0.1326836), 'Man': np.float32(99.86732)}",happy,2025-03-18 22:37:22
Shivani,29,"{'Woman': np.float32(2.5116615), 'Man': np.float32(97.488335)}",happy,2025-03-18 22:37:26
Shivani,26,"{'Woman': np.float32(0.16569075), 'Man': np.float32(99.83431)}",neutral,2025-03-18 22:37:29
Shivani,27,"{'Woman': np.float32(0.2575927), 'Man': np.float32(99.74242)}",neutral,2025-03-18 22:37:33
Unknown,35,"{'Woman': np.float32(3.0052388), 'Man': np.float32(96.99476)}",sad,2025-03-18 22:42:51
Unknown,34,"{'Woman': np.float32(1.2463807), 'Man': np.float32(98.75362)}",sad,2025-03-18 22:42:54
Unknown,34,"{'Woman': np.float32(0.6357275), 'Man': np.float32(99.364265)}",sad,2025-03-18 22:42:56
Unknown,34,"{'Woman': np.float32(0.48265737), 'Man': np.float32(99.51734)}",sad,2025-03-18 22:42:59
Unknown,34,"{'Woman': np.float32(0.6089701), 'Man': np.float32(99.39103)}",sad,2025-03-18 22:43:02
Unknown,33,"{'Woman': np.float32(0.6726817), 'Man': np.float32(99.32732)}",sad,2025-03-18 22:43:04
Unknown,33,"{'Woman': np.float32(0.47741663), 'Man': np.float32(99.522575)}",sad,2025-03-18 22:43:07
Unknown,33,"{'Woman': np.float32(0.2676428), 'Man': np.float32(99.73236)}",sad,2025-03-18 22:43:09
Unknown,33,"{'Woman': np.float32(0.65628064), 'Man': np.float32(99.34372)}",sad,2025-03-18 22:43:12
Unknown,38,"{'Woman': np.float32(2.216938), 'Man': np.float32(97.78306)}",neutral,2025-03-18 22:43:14
Unknown,37,"{'Woman': np.float32(2.626358), 'Man': np.float32(97.37365)}",sad,2025-03-18 22:43:17
Unknown,34,"{'Woman': np.float32(0.5984079), 'Man': np.float32(99.401596)}",happy,2025-03-18 22:43:19
Unknown,36,"{'Woman': np.float32(0.6793679), 'Man': np.float32(99.32064)}",angry,2025-03-18 22:43:22
Unknown,36,"{'Woman': np.float32(1.0477918), 'Man': np.float32(98.9522)}",sad,2025-03-18 22:43:24
Unknown,35,"{'Woman': np.float32(0.6878742), 'Man': np.float32(99.31212)}",sad,2025-03-18 22:43:27
Unknown,37,"{'Woman': np.float32(3.9802034), 'Man': np.float32(96.01979)}",neutral,2025-03-18 22:43:30
Unknown,29,"{'Woman': np.float32(4.59723), 'Man': np.float32(95.40277)}",neutral,2025-03-18 22:43:34
Unknown,28,"{'Woman': np.float32(1.2899891), 'Man': np.float32(98.710014)}",neutral,2025-03-25 21:16:12
Unknown,35,"{'Woman': np.float32(2.9229815), 'Man': np.float32(97.07703)}",neutral,2025-03-25 21:16:14
Unknown,30,"{'Woman': np.float32(2.5991864), 'Man': np.float32(97.40082)}",fear,2025-03-25 21:16:17
Unknown,35,"{'Woman': np.float32(6.5900683), 'Man': np.float32(93.409935)}",sad,2025-03-25 21:16:20
Unknown,33,"{'Woman': np.float32(8.356819), 'Man': np.float32(91.64318)}",sad,2025-03-25 21:16:22
Unknown,33,"{'Woman': np.float32(5.5100017), 'Man': np.float32(94.48999)}",sad,2025-03-25 21:16:25
Unknown,33,"{'Woman': np.float32(6.6141605), 'Man': np.float32(93.38584)}",sad,2025-03-25 21:16:27
Unknown,34,"{'Woman': np.float32(6.4866104), 'Man': np.float32(93.51339)}",sad,2025-03-25 21:16:30
Unknown,32,"{'Woman': np.float32(12.530598), 'Man': np.float32(87.469406)}",sad,2025-03-25 21:16:32
Unknown,33,"{'Woman': np.float32(6.5075216), 'Man': np.float32(93.49248)}",sad,2025-03-25 21:16:35
Unknown,33,"{'Woman': np.float32(2.0513046), 'Man': np.float32(97.948685)}",neutral,2025-03-25 21:16:37
Unknown,33,"{'Woman': np.float32(2.9674587), 'Man': np.float32(97.03254)}",sad,2025-03-25 21:16:40
Unknown,33,"{'Woman': np.float32(3.9877658), 'Man': np.float32(96.01224)}",neutral,2025-03-25 21:16:43
Unknown,34,"{'Woman': np.float32(5.679937), 'Man': np.float32(94.32007)}",sad,2025-03-25 21:16:45
Unknown,35,"{'Woman': np.float32(4.1722355), 'Man': np.float32(95.82777)}",neutral,2025-03-25 21:16:48
Unknown,24,"{'Woman': np.float32(0.18420202), 'Man': np.float32(99.8158)}",sad,2025-03-25 21:16:55
Unknown,35,"{'Woman': np.float32(2.5421493), 'Man': np.float32(97.45785)}",sad,2025-03-25 21:16:58
Unknown,31,"{'Woman': np.float32(4.528344), 'Man': np.float32(95.47165)}",sad,2025-03-25 21:17:00
Unknown,34,"{'Woman': np.float32(1.9481854), 'Man': np.float32(98.05181)}",sad,2025-03-25 21:17:03
Unknown,34,"{'Woman': np.float32(1.3134911), 'Man': np.float32(98.68651)}",neutral,2025-03-25 21:17:06
Unknown,33,"{'Woman': np.float32(7.776552), 'Man': np.float32(92.22345)}",neutral,2025-03-25 21:17:10
Unknown,36,"{'Woman': np.float32(3.4793968), 'Man': np.float32(96.52061)}",sad,2025-03-25 21:17:12
Unknown,35,"{'Woman': np.float32(2.5630915), 'Man': np.float32(97.43692)}",sad,2025-03-25 21:17:15
Unknown,35,"{'Woman': np.float32(2.5003157), 'Man': np.float32(97.49969)}",sad,2025-03-25 21:17:18
Unknown,27,"{'Woman': np.float32(1.0020292), 'Man': np.float32(98.99797)}",sad,2025-03-25 21:17:25
Unknown,37,"{'Woman': np.float32(5.085317), 'Man': np.float32(94.91468)}",sad,2025-03-25 21:17:28
Unknown,35,"{'Woman': np.float32(7.9472103), 'Man': np.float32(92.052795)}",neutral,2025-03-25 21:17:31
Unknown,30,"{'Woman': np.float32(1.285324), 'Man': np.float32(98.714676)}",sad,2025-03-25 21:17:33
Unknown,34,"{'Woman': np.float32(1.4421681), 'Man': np.float32(98.55783)}",sad,2025-03-25 21:17:36
Unknown,35,"{'Woman': np.float32(2.5353289), 'Man': np.float32(97.464676)}",neutral,2025-03-25 21:17:39
Unknown,35,"{'Woman': np.float32(1.4365076), 'Man': np.float32(98.5635)}",sad,2025-03-25 21:17:41
Unknown,32,"{'Woman': np.float32(1.5563369), 'Man': np.float32(98.443665)}",neutral,2025-03-25 21:17:44
Unknown,29,"{'Woman': np.float32(0.05071063), 'Man': np.float32(99.94929)}",sad,2025-03-25 21:17:52
,32,"{'Woman': np.float32(0.32265395), 'Man': np.float32(99.677345)}",sad,2025-03-25 21:38:52
,33,"{'Woman': np.float32(7.16633), 'Man': np.float32(92.83367)}",sad,2025-03-25 21:38:54
,33,"{'Woman': np.float32(10.154828), 'Man': np.float32(89.84517)}",sad,2025-03-25 21:38:58
,36,"{'Woman': np.float32(8.14431), 'Man': np.float32(91.85569)}",sad,2025-03-25 21:39:01
,33,"{'Woman': np.float32(14.302561), 'Man': np.float32(85.69744)}",sad,2025-03-25 21:39:04
,33,"{'Woman': np.float32(9.98048), 'Man': np.float32(90.019516)}",sad,2025-03-25 21:39:07
,34,"{'Woman': np.float32(4.1264405), 'Man': np.float32(95.873566)}",neutral,2025-03-25 21:39:10
,35,"{'Woman': np.float32(7.0652084), 'Man': np.float32(92.934784)}",sad,2025-03-25 21:39:13
,35,"{'Woman': np.float32(1.9537277), 'Man': np.float32(98.04628)}",sad,2025-03-25 21:39:16
,34,"{'Woman': np.float32(2.4548082), 'Man': np.float32(97.5452)}",neutral,2025-03-25 21:39:18
,34,"{'Woman': np.float32(7.7778034), 'Man': np.float32(92.2222)}",sad,2025-03-25 21:39:21
,35,"{'Woman': np.float32(7.096722), 'Man': np.float32(92.90328)}",sad,2025-03-25 21:39:24
,35,"{'Woman': np.float32(5.981083), 'Man': np.float32(94.01892)}",sad,2025-03-25 21:39:27
,34,"{'Woman': np.float32(16.232145), 'Man': np.float32(83.76786)}",sad,2025-03-25 21:39:31
,33,"{'Woman': np.float32(25.451942), 'Man': np.float32(74.54805)}",sad,2025-03-25 21:39:35
,37,"{'Woman': np.float32(13.755721), 'Man': np.float32(86.24427)}",sad,2025-03-25 21:39:38
,37,"{'Woman': np.float32(13.715048), 'Man': np.float32(86.28496)}",neutral,2025-03-25 21:39:42
,37,"{'Woman': np.float32(15.838478), 'Man': np.float32(84.16153)}",neutral,2025-03-25 21:39:45
,35,"{'Woman': np.float32(6.369709), 'Man': np.float32(93.63029)}",sad,2025-03-25 21:39:48
,36,"{'Woman': np.float32(6.7793674), 'Man': np.float32(93.220634)}",sad,2025-03-25 21:39:50
,35,"{'Woman': np.float32(9.400272), 'Man': np.float32(90.59973)}",sad,2025-03-25 21:39:54
Sita,33,"{'Woman': np.float32(68.8613), 'Man': np.float32(31.138702)}",sad,2025-03-25 22:03:43
Sita,33,"{'Woman': np.float32(44.827427), 'Man': np.float32(55.17257)}",sad,2025-03-25 22:03:46
Sita,33,"{'Woman': np.float32(22.201319), 'Man': np.float32(77.798676)}",sad,2025-03-25 22:03:49
Sita,35,"{'Woman': np.float32(49.088814), 'Man': np.float32(50.911186)}",sad,2025-03-25 22:03:51
Sita,34,"{'Woman': np.float32(38.921894), 'Man': np.float32(61.078106)}",sad,2025-03-25 22:03:54
Sita,34,"{'Woman': np.float32(18.825533), 'Man': np.float32(81.17446)}",sad,2025-03-25 22:03:56
Sita,34,"{'Woman': np.float32(57.529522), 'Man': np.float32(42.470486)}",sad,2025-03-25 22:03:59
Sita,35,"{'Woman': np.float32(27.812052), 'Man': np.float32(72.18794)}",sad,2025-03-25 22:04:02
Sita,34,"{'Woman': np.float32(31.465906), 'Man': np.float32(68.5341)}",sad,2025-03-25 22:04:04
Sita,34,"{'Woman': np.float32(13.792759), 'Man': np.float32(86.207245)}",sad,2025-03-25 22:04:08
Sita,34,"{'Woman': np.float32(51.01866), 'Man': np.float32(48.981335)}",sad,2025-03-25 22:04:10
Sita,34,"{'Woman': np.float32(19.98478), 'Man': np.float32(80.01522)}",sad,2025-03-25 22:04:13
Sita,41,"{'Woman': np.float32(32.746746), 'Man': np.float32(67.253265)}",sad,2025-03-25 22:04:16
Sita,35,"{'Woman': np.float32(45.209904), 'Man': np.float32(54.790096)}",sad,2025-03-25 22:04:20
Sita,36,"{'Woman': np.float32(21.326378), 'Man': np.float32(78.67362)}",sad,2025-03-25 22:04:23
Shivani,30,"{'Woman': np.float32(7.46274), 'Man': np.float32(92.53726)}",fear,2025-04-10 20:49:21
Shivani,29,"{'Woman': np.float32(13.749285), 'Man': np.float32(86.25071)}",neutral,2025-04-10 20:49:24
Shivani,30,"{'Woman': np.float32(12.17553), 'Man': np.float32(87.82447)}",neutral,2025-04-10 20:49:27
Shivani,29,"{'Woman': np.float32(7.639611), 'Man': np.float32(92.36038)}",angry,2025-04-10 20:49:33
Shivani,30,"{'Woman': np.float32(11.127996), 'Man': np.float32(88.872)}",neutral,2025-04-10 20:49:41
Shivani,31,"{'Woman': np.float32(9.507355), 'Man': np.float32(90.492645)}",angry,2025-04-10 20:49:45
Shivani,31,"{'Woman': np.float32(11.709249), 'Man': np.float32(88.29075)}",angry,2025-04-10 20:49:48
Shivani,31,"{'Woman': np.float32(9.091866), 'Man': np.float32(90.908134)}",neutral,2025-04-10 20:49:52
Shivani,32,"{'Woman': np.float32(5.6086044), 'Man': np.float32(94.3914)}",fear,2025-04-10 20:49:56
Shivani,31,"{'Woman': np.float32(7.4753323), 'Man': np.float32(92.524666)}",fear,2025-04-10 20:50:00
Shivani,29,"{'Woman': np.float32(8.606711), 'Man': np.float32(91.393295)}",angry,2025-04-10 20:50:04
Shivani,34,"{'Woman': np.float32(3.7959218), 'Man': np.float32(96.20408)}",sad,2025-04-10 20:50:23
Shivani,33,"{'Woman': np.float32(5.5430217), 'Man': np.float32(94.45698)}",sad,2025-04-10 20:50:25
Shivani,34,"{'Woman': np.float32(7.334578), 'Man': np.float32(92.66542)}",neutral,2025-04-10 20:50:27
Shivani,32,"{'Woman': np.float32(9.329252), 'Man': np.float32(90.670746)}",neutral,2025-04-10 20:50:29
Shivani,32,"{'Woman': np.float32(8.5934725), 'Man': np.float32(91.406525)}",neutral,2025-04-10 20:50:31
Shivani,30,"{'Woman': np.float32(6.7666106), 'Man': np.float32(93.23339)}",fear,2025-04-10 20:50:34
Kanishk,38,"{'Woman': np.float32(0.79704773), 'Man': np.float32(99.20296)}",neutral,2025-04-23 20:53:38
Kanishk,34,"{'Woman': np.float32(3.6112964), 'Man': np.float32(96.38871)}",neutral,2025-04-23 20:53:50
Kanishk,33,"{'Woman': np.float32(3.3109598), 'Man': np.float32(96.68905)}",sad,2025-04-23 20:53:57
Kanishk,32,"{'Woman': np.float32(3.208489), 'Man': np.float32(96.79152)}",angry,2025-04-23 20:54:05
Kanishk,25,"{'Woman': np.float32(0.3183093), 'Man': np.float32(99.681694)}",neutral,2025-04-23 20:54:09
Kanishk,34,"{'Woman': np.float32(2.3849), 'Man': np.float32(97.6151)}",neutral,2025-04-23 20:54:12
Kanishk,30,"{'Woman': np.float32(0.43290102), 'Man': np.float32(99.5671)}",fear,2025-04-23 20:54:14
Kanishk,29,"{'Woman': np.float32(0.1537655), 'Man': np.float32(99.84623)}",neutral,2025-04-23 20:54:16
Kanishk,35,"{'Woman': np.float32(15.535428), 'Man': np.float32(84.46457)}",happy,2025-04-23 20:54:19
Kanishk,29,"{'Woman': np.float32(7.484906), 'Man': np.float32(92.51509)}",sad,2025-04-23 20:54:22
Kanishk,25,"{'Woman': np.float32(0.06815081), 'Man': np.float32(99.93185)}",sad,2025-04-23 20:54:25
Kanishk,25,"{'Woman': np.float32(0.18029194), 'Man': np.float32(99.81972)}",neutral,2025-04-23 20:54:28
Kanishk,27,"{'Woman': np.float32(0.2327055), 'Man': np.float32(99.767296)}",neutral,2025-04-23 20:54:32
Kanishk,26,"{'Woman': np.float32(0.5550454), 'Man': np.float32(99.44496)}",neutral,2025-04-23 20:54:36
Kanishk,25,"{'Woman': np.float32(0.3081143), 'Man': np.float32(99.691895)}",fear,2025-04-23 20:54:38
Kanishk,35,"{'Woman': np.float32(24.863327), 'Man': np.float32(75.13668)}",sad,2025-04-23 20:54:46
Kanishk,29,"{'Woman': np.float32(1.1143278), 'Man': np.float32(98.88567)}",neutral,2025-04-23 20:54:49
Kanishk,29,"{'Woman': np.float32(4.552947), 'Man': np.float32(95.44706)}",fear,2025-04-23 20:54:52
Kanishk,29,"{'Woman': np.float32(2.0972502), 'Man': np.float32(97.90275)}",fear,2025-04-23 20:55:01
